experience,test_score,interview_score,salary
5,5.0,6,56810.51351937355
2,7.0,5,48093.761206948184
7,9.0,9,73918.82094413898
0,6.0,9,51601.02793479651
3,6.0,8,57345.384005119435
10,10.0,10,85699.22944814092
0,7.0,7,47607.41296216856
11,9.0,8,82413.76798842847
